,ID,Name
0,404216,Leo Greiml
1,388096,Maxime Busi
2,400523,Jan Van den Bergh
3,412176,Dominik Janosek
4,399721,Kamal Sowah
5,68850,Kostas Lamprou
6,113783,Elías Már Ómarsson
7,211233,Enes Mahmutovic
8,535346,Daan van Reeuwijk
9,322152,Roy Kortsmit
10,400057,Casper Staring
11,109117,Terence Kongolo
12,429373,Roy Kuijpers
13,361900,Sydney van Hooijdonk
14,244640,Clint Leemans
15,389479,Boy Kemper
16,320427,Fredrik Oldrup Jensen
17,530990,Daniel Bielica
18,423275,Kacper Kostorz
19,498420,Saná Fernandes
20,468119,Leo Sauer
21,429616,Adam Kaied
22,531873,Max Balard
23,379712,Saïd Bakari
24,424248,Kristian Hlynsson
25,513252,Shunsuke Mito
26,444483,Mike Eerdhuijzen
27,321910,Carel Eiting
28,489979,Gjivai Zechiël
29,301423,Mitchell van Bergen
30,379764,Youri Schoonderwaldt
31,19087,Jonathan de Guzmán
32,444160,Mohamed Nassoh
33,449308,Mike Kleijn
34,243916,Nick Olij
35,78221,Patrick van Aanholt
36,451993,Boyd Reith
37,427851,Rick Meissen
38,279173,Pelle Clement
39,276756,Tobias Lauritsen
40,457153,Teo Quintero
41,470487,Nökkvi Thórisson
42,497066,Quincy Hoeve
43,535931,Marvin Young
44,489319,Kaylen Reitmaier
45,552276,Joel Ideho
